{
  "/activeRingRadius": {
    "min": 100,
    "max": 1500,
    "value": 863.6364135742188
  },
  "/activeShiftInterval": {
    "min": 1,
    "max": 100,
    "value": 60
  },
  "/activeBackgroundDim": {
    "min": 0,
    "max": 1,
    "value": 0
  },
  "/rateNoiseScale": {
    "min": 0.0010000000474974513,
    "max": 0.20000000298023224,
    "value": 0.20000000298023224
  },
  "/aberrationOffset": {
    "min": 0,
    "max": 15,
    "value": 2.4242424964904785
  },
  "/rateRingRadius": {
    "min": 0.0010000000474974513,
    "max": 0.20000000298023224,
    "value": 0.009999999776482582
  },
  "/beamAlpha": {
    "min": 10,
    "max": 255,
    "value": 106.51515197753906
  },
  "/baseRingRadius": {
    "min": 5,
    "max": 1500,
    "value": 5
  },
  "/rateShiftInterval": {
    "min": 0.0010000000474974513,
    "max": 0.20000000298023224,
    "value": 0.20000000298023224
  },
  "/rateBackgroundZ": {
    "min": 0.0010000000474974513,
    "max": 0.20000000298023224,
    "value": 0.035171713680028915
  },
  "/activeRingRotSpeed": {
    "min": 0,
    "max": 0.10000000149011612,
    "value": 0.009090909734368324
  },
  "/baseBackgroundZ": {
    "min": -3000,
    "max": 0,
    "value": -3000
  },
  "/beamTailLength": {
    "min": 1,
    "max": 50,
    "value": 20.7979793548584
  },
  "/activeNoiseScale": {
    "min": 0.009999999776482582,
    "max": 0.5,
    "value": 0.01494949497282505
  },
  "/numFacesConfig": {
    "min": 1,
    "max": 100,
    "value": 47
  },
  "/baseRingRotSpeed": {
    "min": 0,
    "max": 0.10000000149011612,
    "value": 9.999999747378752E-5
  },
  "/rateBackgroundDim": {
    "min": 0.0010000000474974513,
    "max": 0.20000000298023224,
    "value": 0.20000000298023224
  },
  "/baseNoiseScale": {
    "min": 0.009999999776482582,
    "max": 1,
    "value": 0.009999999776482582
  },
  "/baseBackgroundDim": {
    "min": 0,
    "max": 1,
    "value": 0
  },
  "/scanSpeed": {
    "min": 0.009999999776482582,
    "max": 2,
    "value": 0.41202017664909363
  },
  "/activeBackgroundZ": {
    "min": -3000,
    "max": 0,
    "value": 0
  },
  "/baseShiftInterval": {
    "min": 1,
    "max": 300,
    "value": 1
  },
  "/rateRingRotSpeed": {
    "min": 0.0010000000474974513,
    "max": 0.20000000298023224,
    "value": 0.20000000298023224
  }
}