{
  "/activeRingRadius": {
    "min": 100,
    "max": 1500,
    "value": 1089.89892578125
  },
  "/activeShiftInterval": {
    "min": 1,
    "max": 100,
    "value": 25.999998092651367
  },
  "/activeBackgroundDim": {
    "min": 0,
    "max": 1,
    "value": 0.5050504803657532
  },
  "/rateNoiseScale": {
    "min": 0.0010000000474974513,
    "max": 0.20000000298023224,
    "value": 0.05000000074505806
  },
  "/aberrationOffset": {
    "min": 0,
    "max": 15,
    "value": 2.4242424964904785
  },
  "/rateRingRadius": {
    "min": 0.0010000000474974513,
    "max": 0.20000000298023224,
    "value": 0.009999999776482582
  },
  "/beamAlpha": {
    "min": 10,
    "max": 255,
    "value": 80
  },
  "/baseRingRadius": {
    "min": 5,
    "max": 1500,
    "value": 5
  },
  "/rateShiftInterval": {
    "min": 0.0010000000474974513,
    "max": 0.20000000298023224,
    "value": 0.05000000074505806
  },
  "/rateBackgroundZ": {
    "min": 0.0010000000474974513,
    "max": 0.20000000298023224,
    "value": 0.0030101011507213116
  },
  "/activeRingRotSpeed": {
    "min": 0,
    "max": 0.10000000149011612,
    "value": 0.0010000000474974513
  },
  "/baseBackgroundZ": {
    "min": -3000,
    "max": 0,
    "value": -3000
  },
  "/beamTailLength": {
    "min": 1,
    "max": 50,
    "value": 9.909090995788574
  },
  "/activeNoiseScale": {
    "min": 0.009999999776482582,
    "max": 0.5,
    "value": 0.009999999776482582
  },
  "/numFacesConfig": {
    "min": 1,
    "max": 100,
    "value": 28.999998092651367
  },
  "/baseRingRotSpeed": {
    "min": 0,
    "max": 0.10000000149011612,
    "value": 9.999999747378752E-5
  },
  "/rateBackgroundDim": {
    "min": 0.0010000000474974513,
    "max": 0.20000000298023224,
    "value": 0.05000000074505806
  },
  "/baseNoiseScale": {
    "min": 0.009999999776482582,
    "max": 1,
    "value": 0.49010100960731506
  },
  "/baseBackgroundDim": {
    "min": 0,
    "max": 1,
    "value": 0
  },
  "/scanSpeed": {
    "min": 0.009999999776482582,
    "max": 2,
    "value": 0.19090910255908966
  },
  "/activeBackgroundZ": {
    "min": -3000,
    "max": 0,
    "value": -242.42431640625
  },
  "/baseShiftInterval": {
    "min": 1,
    "max": 300,
    "value": 1
  },
  "/rateRingRotSpeed": {
    "min": 0.0010000000474974513,
    "max": 0.20000000298023224,
    "value": 0.009999999776482582
  }
}